Gen,Prom_fit,Prom_positive_fit,Prom_negative_fit
296,-872.7166666666667,547.85,-1583.0
296,-751.1833333333333,600.5217391304348,-1591.4324324324325
