Gen,Prom_fit,Prom_positive_fit,Prom_negative_fit
0,164.38603174603173,1141.1162393162394,-412.77272727272725
1,408.1888888888889,1381.6944444444446,-411.60526315789474
2,224.81968253968256,1062.0792592592593,-403.125
3,278.52476190476193,1181.1844444444444,-398.46999999999997
4,215.51111111111112,1153.3134920634923,-409.6904761904762
5,274.06158730158734,1186.5066666666667,-410.27222222222224
